method,mean_poisson_deviance,std_poisson_deviance,mean_weighted_mse_rate,mean_mae_total,mean_calibration_ratio
baseline,0.0298901880495545,0.000607697888736487,2.4867298655451355,0.04574936865108494,0.9984270669879811
baseline+olqd,0.02993219091124979,0.0006064387934865481,2.490646202056113,0.04578964520365258,0.9983588224252784
